Imported Jobs,Company Name,Job Title,Location,Company Domain,Job LinkedIn URL,Company Apply link,GPA out of 4,GPA out of 5,Majors,Skills,Duration,Company Descreption
,PwC Middle East,"Tax & Legal Services, COOP & Summer Internship Program, Middle East, 2025",Riyadh,jo.pwc.com,https://www.linkedin.com/jobs/view/tax-legal-services-coop-summer-internship-program-middle-east-2025-at-pwc-middle-east-4039997116,"https://www.pwc.com/m1/en/careers/student-jobs/description.html?wdjobreqid=566028WD&jobtitle=Tax%20&%20Legal%20Services,%20COOP%20&%20Summer%20Internship%20Program,%20Middle%20East,%202025&sfreqid=566028WD",3.0,4.0,law,"Accountability, Adaptability, Analytical Thinking, Attention to Detail, Collaboration and Teamwork, Communication, Conflict Resolution, Creative Solutions, Critical Thinking, Customer Orientation, Decision Making, Dependability, Emotional Intelligence, Empathy, Flexibility to Changing Environments, Goal-Oriented Mindset, Influence, Interpersonal Skills, Leadership, Logical Reasoning, Motivational Skills, Negotiation, Networking, Openness to New Ideas, Organization, Patience, Presentation Skills, Problem Solving, Proactive Initiative, Public Speaking, Relationship Building, Resilience, Self-Motivation, Strong Work Ethic, Stress Management, Task Prioritization, Thoroughness, Time Management, Verbal and Written Clarity, Workplace Etiquette, Working Effectively Within Teams","Co-op Program: 4-6 months, Summer Internship Program: 6-8 weeks","PwC (PricewaterhouseCoopers) is a multinational professional services network that ranks as the second-largest globally and is one of the Big Four accounting firms. The firm provides comprehensive services across Audit and Assurance, Advisory, and Tax, employing over 370,000 professionals worldwide who focus on helping organizations build trust and deliver sustained outcomes. Operating through a network of partnerships under the PwC brand, the company combines human expertise, technology, and innovative solutions to help clients address complex business challenges."
,Nahdi Medical Co.,Accounting Internship,"Abha, Al Ahsa, Al Khobar, Al Qassim, Dammam, Hail, Jeddah, Jizan, Jubail, Mecca, Medina, Najran, Riyadh, Tabuk, Taif",nahdi.sa,https://www.linkedin.com/jobs/view/accounting-internship-at-nahdi-medical-co-4067535525,https://efan.fa.em3.oraclecloud.com/hcmUI/CandidateExperience/en/sites/CX_1/job/1767?utm_medium=jobshare,0.0,0.0, accounting,"Accountability, Adaptability, Analytical Thinking, Attention to Detail, Collaboration and Teamwork, Communication, Conflict Resolution, Creative Solutions, Critical Thinking, Customer Orientation, Decision Making, Dependability, Emotional Intelligence, Empathy, Flexibility to Changing Environments, Goal-Oriented Mindset, Influence, Interpersonal Skills, Leadership, Logical Reasoning, Motivational Skills, Negotiation, Networking, Openness to New Ideas, Organization, Patience, Presentation Skills, Problem Solving, Proactive Initiative, Public Speaking, Relationship Building, Resilience, Self-Motivation, Strong Work Ethic, Stress Management, Task Prioritization, Thoroughness, Time Management, Verbal and Written Clarity, Workplace Etiquette, Working Effectively Within Teams",6 months,"Nahdi Medical Company, established in 1986, is Saudi Arabia's largest pharmacy-led retailer with over 1,120 pharmacies across 140+ cities and villages. The company operates as a comprehensive health and wellbeing partner, offering an integrated ecosystem of services including retail pharmacies, e-commerce platforms, and care clinics, while employing over 10,300 dedicated professionals in the wholesale and retail trading of pharmaceuticals, cosmetics, and medical equipment."
,Nahdi Medical Co.,Supply Chain Internship,"Abha, Al Ahsa, Al Khobar, Al Qassim, Dammam, Hail, Jeddah, Jizan, Jubail, Mecca, Medina, Najran, Riyadh, Tabuk, Taif",nahdi.sa,https://www.linkedin.com/jobs/view/supply-chain-internship-at-nahdi-medical-co-4067531874,https://efan.fa.em3.oraclecloud.com/hcmUI/CandidateExperience/en/sites/CX_1/job/1764?utm_medium=jobshare,0.0,0.0," industrial engineering,supply chain management
","Accountability, Adaptability, Analytical Thinking, Attention to Detail, Collaboration and Teamwork, Communication, Conflict Resolution, Creative Solutions, Critical Thinking, Customer Orientation, Decision Making, Dependability, Emotional Intelligence, Empathy, Flexibility to Changing Environments, Goal-Oriented Mindset, Influence, Interpersonal Skills, Leadership, Logical Reasoning, Motivational Skills, Negotiation, Networking, Openness to New Ideas, Organization, Patience, Presentation Skills, Problem Solving, Proactive Initiative, Public Speaking, Relationship Building, Resilience, Self-Motivation, Strong Work Ethic, Stress Management, Task Prioritization, Thoroughness, Time Management, Verbal and Written Clarity, Workplace Etiquette, Working Effectively Within Teams",6 months,"Nahdi Medical Company, established in 1986, is Saudi Arabia's largest pharmacy-led retailer and health & wellbeing company, operating over 1,120 pharmacies across 140+ cities in Saudi Arabia and the UAE. The company serves more than 100 million guests annually through its comprehensive network of retail pharmacies, NahdiCare polyclinics, and digital platforms, offering pharmaceutical products, cosmetics, health foods, and medical equipment. Nahdi has transformed from a traditional pharmacy chain into an integrated omnihealth platform, combining brick-and-mortar locations with digital healthcare services to provide superior personalized wellness experiences."
,Nahdi Medical Co.,Human Resources Internship,"Abha, Al Ahsa, Al Khobar, Al Qassim, Dammam, Hail, Jeddah, Jizan, Jubail, Mecca, Medina, Najran, Riyadh, Tabuk, Taif",nahdi.sa,https://www.linkedin.com/jobs/view/human-resources-internship-at-nahdi-medical-co-4067534594,https://efan.fa.em3.oraclecloud.com/hcmUI/CandidateExperience/en/sites/CX_1/job/1769?utm_medium=jobshare,0.0,0.0,"human resources, management information system, business administration",leadership,6 months,"Nahdi Medical Company, established in 1986, is Saudi Arabia's largest pharmacy-led retailer with over 1,120 pharmacies across 140+ cities and villages. The company has evolved from a traditional pharmacy chain into a comprehensive healthcare provider, offering pharmaceutical products, cosmetics, medical equipment, and digital health services through multiple channels including physical stores, online platforms, and primary care clinics. Operating as a publicly-listed company, Nahdi has positioned itself as Saudi Arabia's most trusted health and wellbeing partner, serving millions of customers through an integrated ecosystem of retail and healthcare services."
,Nahdi Medical Co.,Marketing Internship,"Abha, Al Ahsa, Al Khobar, Al Qassim, Dammam, Hail, Jeddah, Jizan, Jubail, Mecca, Medina, Najran, Riyadh, Tabuk, Taif",nahdi.sa,https://www.linkedin.com/jobs/view/marketing-internship-at-nahdi-medical-co-4073441695,https://www.linkedin.com/jobs/view/marketing-internship-at-nahdi-medical-co-4073441695/,0.0,0.0,"marketing,advertising
","Accountability, Adaptability, Analytical Thinking, Attention to Detail, Collaboration and Teamwork, Communication, Conflict Resolution, Creative Solutions, Critical Thinking, Customer Orientation, Decision Making, Dependability, Emotional Intelligence, Empathy, Flexibility to Changing Environments, Goal-Oriented Mindset, Influence, Interpersonal Skills, Leadership, Logical Reasoning, Motivational Skills, Negotiation, Networking, Openness to New Ideas, Organization, Patience, Presentation Skills, Problem Solving, Proactive Initiative, Public Speaking, Relationship Building, Resilience, Self-Motivation, Strong Work Ethic, Stress Management, Task Prioritization, Thoroughness, Time Management, Verbal and Written Clarity, Workplace Etiquette, Working Effectively Within Teams",6 months,"Nahdi Medical Company, founded in 1986 and headquartered in Jeddah, is Saudi Arabia's largest pharmacy-led retailer with operations across 125+ cities and villages. The company has evolved into a comprehensive health and wellbeing partner, operating through multiple channels including retail pharmacies, online platforms, and care clinics, while specializing in pharmaceutical products, cosmetics, health foods, and medical equipment. With over 1,120 pharmacies in the region and 10,300+ employees, Nahdi has established itself as a trusted healthcare provider that combines traditional retail with digital healthcare services."
,Nahdi Medical Co.,Commercial Internship,"Abha, Al Ahsa, Al Khobar, Al Qassim, Dammam, Hail, Jeddah, Jizan, Jubail, Mecca, Medina, Najran, Riyadh, Tabuk, Taif",nahdi.sa,https://www.linkedin.com/jobs/view/commercial-internship-at-nahdi-medical-co-4067534595,https://efan.fa.em3.oraclecloud.com/hcmUI/CandidateExperience/en/sites/CX_1/job/1765?utm_medium=jobshare,0.0,0.0, industrial engineering,"Accountability, Adaptability, Analytical Thinking, Attention to Detail, Collaboration and Teamwork, Communication, Conflict Resolution, Creative Solutions, Critical Thinking, Customer Orientation, Decision Making, Dependability, Emotional Intelligence, Empathy, Flexibility to Changing Environments, Goal-Oriented Mindset, Influence, Interpersonal Skills, Leadership, Logical Reasoning, Motivational Skills, Negotiation, Networking, Openness to New Ideas, Organization, Patience, Presentation Skills, Problem Solving, Proactive Initiative, Public Speaking, Relationship Building, Resilience, Self-Motivation, Strong Work Ethic, Stress Management, Task Prioritization, Thoroughness, Time Management, Verbal and Written Clarity, Workplace Etiquette, Working Effectively Within Teams",6 months,"Nahdi Medical Company, founded in 1986, is Saudi Arabia's largest pharmacy-led retailer, operating over 1,120 pharmacies across 140+ cities and villages with more than 10,300 employees. The company provides comprehensive health and wellbeing services through multiple channels, including physical stores, online platforms, and care clinics, specializing in pharmaceutical products, cosmetics, health foods, and medical equipment. As a publicly-traded company, Nahdi has transformed from a traditional pharmacy chain to an integrated healthcare provider, offering digital health solutions and personalized wellness experiences to millions of customers."
,Nahdi Medical Co.,IT Internship,"Abha, Al Ahsa, Al Khobar, Al Qassim, Dammam, Hail, Jeddah, Jizan, Jubail, Mecca, Medina, Najran, Riyadh, Tabuk, Taif",nahdi.sa,https://www.linkedin.com/jobs/view/it-internship-at-nahdi-medical-co-4067532817,https://efan.fa.em3.oraclecloud.com/hcmUI/CandidateExperience/en/sites/CX_1/job/1768?utm_medium=jobshare,0.0,0.0," computer science,software engineering,computer engineering, information system, information technology,cybersecurity","Accountability, Adaptability, Analytical Thinking, Attention to Detail, Collaboration and Teamwork, Communication, Conflict Resolution, Creative Solutions, Critical Thinking, Customer Orientation, Decision Making, Dependability, Emotional Intelligence, Empathy, Flexibility to Changing Environments, Goal-Oriented Mindset, Influence, Interpersonal Skills, Leadership, Logical Reasoning, Motivational Skills, Negotiation, Networking, Openness to New Ideas, Organization, Patience, Presentation Skills, Problem Solving, Proactive Initiative, Public Speaking, Relationship Building, Resilience, Self-Motivation, Strong Work Ethic, Stress Management, Task Prioritization, Thoroughness, Time Management, Verbal and Written Clarity, Workplace Etiquette, Working Effectively Within Teams",6 months,"Nahdi Medical Company, established in 1986, is Saudi Arabia's largest pharmacy-led retailer with over 1,120 pharmacies across Saudi Arabia and UAE, serving more than 100 million customers annually. The company has evolved into a comprehensive health and wellbeing enterprise, offering pharmaceutical products, cosmetics, health foods, and medical equipment through both physical stores and digital platforms. Operating across 140+ cities and villages, Nahdi has expanded beyond traditional pharmacy services to include digital healthcare solutions and medical clinics, positioning itself as an integrated healthcare provider in the region."
,PwC Middle East,"Assurance, COOP & Summer Internship Program, Middle East, 2025",Riyadh,jo.pwc.com,https://www.linkedin.com/jobs/view/assurance-coop-summer-internship-program-middle-east-2025-at-pwc-middle-east-4047987894,"https://www.pwc.com/m1/en/careers/student-jobs/description.html?wdjobreqid=566037WD&jobtitle=Assurance,%20COOP%20&%20Summer%20Internship%20Program,%20Middle%20East,%202025&sfreqid=566037WD",3.0,4.0," accounting,finance,business
,auditing",leadership,4-6 monts,"PwC (PricewaterhouseCoopers) is one of the Big Four accounting firms and the second-largest professional services network globally, operating through a network of partnerships under the PwC brand. The firm provides comprehensive professional services across three main areas: Audit and Assurance, Tax, and Advisory services, employing over 370,000 professionals worldwide who help organizations build trust and deliver sustained outcomes. PwC operates as a community of solvers combining human ingenuity, experience, technology, and products to serve clients across various industries."
,Elm Company,Coop Training - Human Resources(Jan/Mar/Jun/Aug 2025 Intake) Job,Riyadh,elm.sa,https://www.linkedin.com/jobs/view/coop-training-human-resources-jan-mar-jun-aug-2025-intake-job-at-elm-company-4056466814,https://career.elm.sa/elm/job/Riyadh-Coop-Training-Human-Resources%28JanMarJunAug-2025-Intake%29-Job/1226077500/,2.75,3.25,"human resources
",innovation management,16 weeks,"Elm is a Saudi joint-stock company owned by the Public Investment Fund (PIF) that specializes in providing innovative digital services and comprehensive technical solutions. The company, which evolved from its origins as Al Elm Information Security Company, serves as a leading digital enabler for both government entities and the business sector in Saudi Arabia, offering services across multiple segments including digital business solutions, professional services, and business process outsourcing. Through its integrated portfolio of services, Elm focuses on developing and delivering secure e-services, information security solutions, and consulting services to streamline operations and enable digital transformation."
,Doctor,2025 Marketing Intern,Riyadh,amazon.com,https://www.linkedin.com/jobs/view/2025-marketing-intern-at-doctor-4045201490,https://www.amazon.jobs/en/jobs/2797146/2025-marketing-intern,0.0,0.0," marketing,public relations,advertising
","data analysis, data visualization",3-6 months,"Amazon.com is a multinational technology company and the world's largest online retailer, headquartered in Seattle, Washington. The company operates with four guiding principles: customer obsession, passion for invention, operational excellence, and long-term thinking, while offering a vast range of products and services including e-commerce, cloud computing, digital streaming, and artificial intelligence. Amazon strives to be Earth's most customer-centric company, best employer, and safest place to work, serving millions of customers globally through its diverse portfolio of products and services."
,PwC Middle East,"Consulting, COOP & Internship, Middle East, 2025",Riyadh,jo.pwc.com,https://www.linkedin.com/jobs/view/consulting-coop-internship-middle-east-2025-at-pwc-middle-east-4021593277,https://www.linkedin.com/jobs/view/consulting-coop-internship-middle-east-2025-at-pwc-middle-east-4021593277/,3.5,4.5,consulting,client relationship management,,"PwC (PricewaterhouseCoopers) is one of the Big Four accounting firms and the second-largest professional services network globally, operating through a network of partnerships under the PwC brand. The firm provides comprehensive professional services across three main areas: Audit and Assurance, Tax, and Advisory services, employing over 370,000 professionals worldwide who help organizations build trust and deliver sustained outcomes. PwC operates as a community of solvers combining human ingenuity, experience, technology, and products to serve clients across various industries."
,Elm Company,Coop Training - Information Technology (Jan/Mar/Jun/Aug 2025 Intake) Job,Riyadh,elm.sa,https://www.linkedin.com/jobs/view/coop-training-information-technology-jan-mar-jun-aug-2025-intake-job-at-elm-company-4056464978,https://career.elm.sa/elm/job/Riyadh-Coop-Training-Information-Technology-%28JanMarJunAug-2025-Intake%29-Job/1226057700/,2.75,3.25,information technology,innovation management,16 weeks,"Elm is a Saudi joint-stock company owned by the Public Investment Fund (PIF), serving as a leading digital enabler for government entities and businesses in Saudi Arabia. Founded in 1988 as Al-Elm Research and Development Company, it has evolved into a comprehensive digital solutions provider, offering services ranging from ready-made solutions to consulting services, with a workforce of over 1,500 employees. The company specializes in developing innovative applications and digital products while building strategic partnerships with businesses and governments to streamline services and enable digital transformation."
,Elm Company,Coop Training - Marketing (Jan/Mar/Jun/Aug 2025 Intake) Job,Riyadh,elm.sa,https://www.linkedin.com/jobs/view/coop-training-marketing-jan-mar-jun-aug-2025-intake-job-at-elm-company-4056464977,https://career.elm.sa/elm/job/Riyadh-Coop-Training-Marketing-%28JanMarJunAug-2025-Intake%29-Job/1226084300/,2.75,3.25,marketing,"Accountability, Adaptability, Analytical Thinking, Attention to Detail, Collaboration and Teamwork, Communication, Conflict Resolution, Creative Solutions, Critical Thinking, Customer Orientation, Decision Making, Dependability, Emotional Intelligence, Empathy, Flexibility to Changing Environments, Goal-Oriented Mindset, Influence, Interpersonal Skills, Leadership, Logical Reasoning, Motivational Skills, Negotiation, Networking, Openness to New Ideas, Organization, Patience, Presentation Skills, Problem Solving, Proactive Initiative, Public Speaking, Relationship Building, Resilience, Self-Motivation, Strong Work Ethic, Stress Management, Task Prioritization, Thoroughness, Time Management, Verbal and Written Clarity, Workplace Etiquette, Working Effectively Within Teams",16 weeks,"Elm is a Saudi Joint Stock Company owned by the Public Investment Fund (PIF) that serves as a leading digital enabler for government entities and the business sector in Saudi Arabia. Founded in 1988, the company has evolved to become a comprehensive digital solutions provider, offering innovative e-services, technical solutions, and consulting services to streamline and modernize both public and private sector operations. Elm's service portfolio includes ready-made solutions, custom development, outsourcing, and consulting services, with a notable achievement of launching Saudi Arabia's first e-government services."
,Elm Company,Coop Training - Finance(Jan/Mar/Jun/Aug 2025 Intake) Job,Riyadh,elm.sa,https://www.linkedin.com/jobs/view/coop-training-finance-jan-mar-jun-aug-2025-intake-job-at-elm-company-4056471127,https://career.elm.sa/elm/job/Riyadh-Coop-Training-Finance%28JanMarJunAug-2025-Intake%29-Job/1226086700/,2.75,3.25,finance,"Accountability, Adaptability, Analytical Thinking, Attention to Detail, Collaboration and Teamwork, Communication, Conflict Resolution, Creative Solutions, Critical Thinking, Customer Orientation, Decision Making, Dependability, Emotional Intelligence, Empathy, Flexibility to Changing Environments, Goal-Oriented Mindset, Influence, Interpersonal Skills, Leadership, Logical Reasoning, Motivational Skills, Negotiation, Networking, Openness to New Ideas, Organization, Patience, Presentation Skills, Problem Solving, Proactive Initiative, Public Speaking, Relationship Building, Resilience, Self-Motivation, Strong Work Ethic, Stress Management, Task Prioritization, Thoroughness, Time Management, Verbal and Written Clarity, Workplace Etiquette, Working Effectively Within Teams",16 weeks,"Elm is a Saudi joint-stock company owned by the Public Investment Fund (PIF) that specializes in providing innovative digital services and comprehensive technical solutions. The company serves as a leading digital enabler for both government entities and the business sector in Saudi Arabia, offering a range of services including ready-made solutions, custom development, outsourcing, and consulting services. Through its team of distinguished professionals, Elm focuses on developing integrated digital products and applications that streamline processes and empower communities."
,Elm Company,Coop Training - Management Information System (Jan/Mar/Jun/Aug 2025 Intake) Job,Riyadh,elm.sa,https://www.linkedin.com/jobs/view/coop-training-management-information-system-jan-mar-jun-aug-2025-intake-job-at-elm-company-4056471115,https://career.elm.sa/elm/job/Riyadh-Coop-Training-Management-Information-System-%28JanMarJunAug-2025-Intake%29-Job/1226063800/,2.75,3.25,management information system,"Accountability, Adaptability, Analytical Thinking, Attention to Detail, Collaboration and Teamwork, Communication, Conflict Resolution, Creative Solutions, Critical Thinking, Customer Orientation, Decision Making, Dependability, Emotional Intelligence, Empathy, Flexibility to Changing Environments, Goal-Oriented Mindset, Influence, Interpersonal Skills, Leadership, Logical Reasoning, Motivational Skills, Negotiation, Networking, Openness to New Ideas, Organization, Patience, Presentation Skills, Problem Solving, Proactive Initiative, Public Speaking, Relationship Building, Resilience, Self-Motivation, Strong Work Ethic, Stress Management, Task Prioritization, Thoroughness, Time Management, Verbal and Written Clarity, Workplace Etiquette, Working Effectively Within Teams",16 weeks,"Elm is a Saudi joint-stock company owned by the Public Investment Fund that serves as the leading provider of innovative digital solutions in Saudi Arabia. Established in 1986, the company specializes in delivering secure e-services, customized IT solutions, and government process optimization, serving over 60,000 private and public organizations. As a digital enabler, Elm focuses on developing comprehensive technical solutions and integrated digital services to streamline operations for both government entities and the business sector."
,Elm Company,Coop Training - Industrial Engineering(Jan/Mar/Jun/Aug 2025 Intake) Job,Riyadh,elm.sa,https://www.linkedin.com/jobs/view/coop-training-industrial-engineering-jan-mar-jun-aug-2025-intake-job-at-elm-company-4056468382,https://career.elm.sa/elm/job/Riyadh-Coop-Training-Industrial-Engineering%28JanMarJunAug-2025-Intake%29-Job/1226048900/,2.75,3.25, industrial engineering,data analysis,16 weeks,"Elm is a Saudi joint-stock company owned by the Public Investment Fund (PIF) that specializes in providing innovative digital services and comprehensive technical solutions. Originally established in 1988 as Al-Elm Research and Development Company, it has evolved into a leading digital enabler for government entities and the business sector in Saudi Arabia, offering ready-made solutions, consulting services, and data analysis capabilities. The company made history by launching the Kingdom's first e-government service in 2002 and continues to develop applications and digital products that serve both public and private sectors."
,Elm Company,Coop Training - Accounting (Jan/Mar/Jun/Aug 2025 Intake) Job,Riyadh,elm.sa,https://www.linkedin.com/jobs/view/coop-training-accounting-jan-mar-jun-aug-2025-intake-job-at-elm-company-4056469145,https://career.elm.sa/elm/job/Riyadh-Coop-Training-Accounting-%28JanMarJunAug-2025-Intake%29-Job/1226081600/,2.75,3.25,accounting,"Accountability, Adaptability, Analytical Thinking, Attention to Detail, Collaboration and Teamwork, Communication, Conflict Resolution, Creative Solutions, Critical Thinking, Customer Orientation, Decision Making, Dependability, Emotional Intelligence, Empathy, Flexibility to Changing Environments, Goal-Oriented Mindset, Influence, Interpersonal Skills, Leadership, Logical Reasoning, Motivational Skills, Negotiation, Networking, Openness to New Ideas, Organization, Patience, Presentation Skills, Problem Solving, Proactive Initiative, Public Speaking, Relationship Building, Resilience, Self-Motivation, Strong Work Ethic, Stress Management, Task Prioritization, Thoroughness, Time Management, Verbal and Written Clarity, Workplace Etiquette, Working Effectively Within Teams",16 weeks,"Elm is a Saudi joint-stock company owned by the Public Investment Fund (PIF) that specializes in providing innovative digital services and comprehensive technical solutions. Established in 1988 and evolving into a digital services provider by 2004, the company serves as a leading digital enabler for government entities and the business sector in Saudi Arabia, offering services ranging from ready-made solutions to consulting services. Elm brings together distinguished minds to develop integrated digital services and technical solutions that empower communities and streamline life."
,Elm Company,Coop Training - Information System(Jan/Mar/Jun/Aug 2025 Intake) Job,Riyadh,elm.sa,https://www.linkedin.com/jobs/view/coop-training-information-system-jan-mar-jun-aug-2025-intake-job-at-elm-company-4056473081,https://career.elm.sa/elm/job/Riyadh-Coop-Training-Information-System%28JanMarJunAug-2025-Intake%29-Job/1226101600/,2.75,3.25,information system,"Accountability, Adaptability, Analytical Thinking, Attention to Detail, Collaboration and Teamwork, Communication, Conflict Resolution, Creative Solutions, Critical Thinking, Customer Orientation, Decision Making, Dependability, Emotional Intelligence, Empathy, Flexibility to Changing Environments, Goal-Oriented Mindset, Influence, Interpersonal Skills, Leadership, Logical Reasoning, Motivational Skills, Negotiation, Networking, Openness to New Ideas, Organization, Patience, Presentation Skills, Problem Solving, Proactive Initiative, Public Speaking, Relationship Building, Resilience, Self-Motivation, Strong Work Ethic, Stress Management, Task Prioritization, Thoroughness, Time Management, Verbal and Written Clarity, Workplace Etiquette, Working Effectively Within Teams",16 weeks,"Elm is a Saudi joint-stock company owned by the Public Investment Fund (PIF) that specializes in providing innovative digital services and comprehensive technical solutions. Founded in 1988 as Al-Elm Research and Development Company, it has evolved to become a leading digital enabler for government entities and the business sector in Saudi Arabia, launching the Kingdom's first e-government services in 2002. The company brings together distinguished minds to develop integrated digital services and technical solutions that empower communities and streamline life."
,Elm Company,Coop Training - Software Engineering(Jan/Mar/Jun/Aug 2025 Intake) Job,Riyadh,elm.sa,https://www.linkedin.com/jobs/view/coop-training-software-engineering-jan-mar-jun-aug-2025-intake-job-at-elm-company-4056466818,https://www.linkedin.com/jobs/view/coop-training-software-engineering-jan-mar-jun-aug-2025-intake-job-at-elm-company-4056466818/,2.75,3.25,software engineering,web development,16 weeks,"Elm is a Saudi joint-stock company owned by the Public Investment Fund (PIF) that specializes in providing innovative digital services and comprehensive technical solutions. Founded in 1988, the company has evolved into a leading digital enabler for both government entities and the business sector in Saudi Arabia, offering ready-made and customized digital solutions across multiple sectors. With approximately 8,000 employees based in Riyadh, Elm's services span across ready-made solutions, custom solutions, outsourcing services, and consulting services."
,Doctor,2025 Program Manager Intern,Riyadh,amazon.com,https://www.linkedin.com/jobs/view/2025-program-manager-intern-at-doctor-4045202356,https://www.linkedin.com/jobs/view/2025-program-manager-intern-at-doctor-4045202356/,0.0,0.0,"
business administration ,management ,computer science 


",data analysis,3-6 months,"Amazon.com is a multinational technology company that operates as the world's leading e-commerce platform, offering a vast range of products and services including online retail, cloud computing, digital streaming, and artificial intelligence [1][2]. Founded on customer obsession and innovation principles, the company has evolved from an online bookstore to a global technology leader that enables third-party sellers, content creators, and businesses to reach customers worldwide [3]. Headquartered in Seattle, Washington, Amazon strives to be Earth's most customer-centric company while maintaining significant presence in multiple sectors including retail, entertainment, and cloud services [4][5]."
,Doctor,"2025 Technical Business Developer Intern - KSA National, AWS",Riyadh,amazon.com,https://www.linkedin.com/jobs/view/2025-technical-business-developer-intern-ksa-national-aws-at-doctor-4057215325,https://www.amazon.jobs/en/jobs/2812467/2025-technical-business-developer-intern-ksa-national-aws,0.0,0.0," computer science,business administration,information technology,technical business management","Accountability, Adaptability, Analytical Thinking, Attention to Detail, Collaboration and Teamwork, Communication, Conflict Resolution, Creative Solutions, Critical Thinking, Customer Orientation, Decision Making, Dependability, Emotional Intelligence, Empathy, Flexibility to Changing Environments, Goal-Oriented Mindset, Influence, Interpersonal Skills, Leadership, Logical Reasoning, Motivational Skills, Negotiation, Networking, Openness to New Ideas, Organization, Patience, Presentation Skills, Problem Solving, Proactive Initiative, Public Speaking, Relationship Building, Resilience, Self-Motivation, Strong Work Ethic, Stress Management, Task Prioritization, Thoroughness, Time Management, Verbal and Written Clarity, Workplace Etiquette, Working Effectively Within Teams",3-6 months,"Amazon.com is a multinational technology company that operates as the world's largest online retailer and leading cloud services provider, offering a vast range of products from books to electronics, along with digital services. Founded as an online bookstore, the company has evolved into a global technology leader guided by four core principles: customer obsession, passion for invention, operational excellence, and long-term thinking. Amazon's business spans multiple sectors including e-commerce, cloud computing, digital streaming, and artificial intelligence, while maintaining its mission to be Earth's most customer-centric company."
,SAMI Advanced Electronics,Coop Trainee,Riyadh,aecl.com,https://www.linkedin.com/jobs/view/coop-trainee-at-sami-advanced-electronics-4021873069,https://career.aecl.com/jobs/details/6683ae11118afc8d3448f36d,2.75,3.25," computer science,software engineering,computer engineering, information system, information technology,cybersecurity, human resources, finance,marketing,accounting,management , industrial engineering,supply chain management","Accountability, Adaptability, Analytical Thinking, Attention to Detail, Collaboration and Teamwork, Communication, Conflict Resolution, Creative Solutions, Critical Thinking, Customer Orientation, Decision Making, Dependability, Emotional Intelligence, Empathy, Flexibility to Changing Environments, Goal-Oriented Mindset, Influence, Interpersonal Skills, Leadership, Logical Reasoning, Motivational Skills, Negotiation, Networking, Openness to New Ideas, Organization, Patience, Presentation Skills, Problem Solving, Proactive Initiative, Public Speaking, Relationship Building, Resilience, Self-Motivation, Strong Work Ethic, Stress Management, Task Prioritization, Thoroughness, Time Management, Verbal and Written Clarity, Workplace Etiquette, Working Effectively Within Teams",12 weeks,"Here are the concise company descriptions for each organization using aecl.com domains:

1. Atomic Energy of Canada Limited (AECL.ca): A federal Crown corporation that enables nuclear science and technology while protecting the environment through radioactive waste management and decommissioning responsibilities.

2. Advanced Electronics Company (AECL.com): A Saudi Arabian state-owned organization specializing in defense, energy, digital services, and modern electronics, with over 75% Saudization and commitment to Saudi Vision 2030.

3. Autotronic Enterprise Co., Ltd (AECL.com.tw): A Taiwanese manufacturer with over 45 years of experience, providing industrial automation solutions, environmental sensing products, and indoor air quality monitoring systems for building and industrial applications."
,SCAI | سكاي,Intern,Riyadh,scai.sa,https://www.linkedin.com/jobs/view/intern-at-scai-%D8%B3%D9%83%D8%A7%D9%8A-4064792471,,3.0,4.0,"software engineering, artificial intelligence, information systems, information technology,management information system,finance,accounting ,marketing,human resources,management,law,business administration ","Accountability, Adaptability, Analytical Thinking, Attention to Detail, Collaboration and Teamwork, Communication, Conflict Resolution, Creative Solutions, Critical Thinking, Customer Orientation, Decision Making, Dependability, Emotional Intelligence, Empathy, Flexibility to Changing Environments, Goal-Oriented Mindset, Influence, Interpersonal Skills, Leadership, Logical Reasoning, Motivational Skills, Negotiation, Networking, Openness to New Ideas, Organization, Patience, Presentation Skills, Problem Solving, Proactive Initiative, Public Speaking, Relationship Building, Resilience, Self-Motivation, Strong Work Ethic, Stress Management, Task Prioritization, Thoroughness, Time Management, Verbal and Written Clarity, Workplace Etiquette, Working Effectively Within Teams",6 months,"SCAI (Saudi Company for Artificial Intelligence) is a wholly-owned PIF subsidiary established in 2021 to position Saudi Arabia as a global AI leader. The company provides human-centric AI solutions and emerging technology services across multiple sectors, focusing on fostering communities and enhancing quality of life through best-in-class partnerships and strategic investments. Based in Riyadh with 201-500 employees, SCAI specializes in artificial intelligence, machine learning, computer vision, and smart city technologies to drive innovation in alignment with Vision 2030 goals."
,Lumi | لومي,COOP Intern 2025,Riyadh,lumirental.com,https://www.linkedin.com/jobs/view/coop-intern-2025-at-lumi-%D9%84%D9%88%D9%85%D9%8A-4061517645,https://docs.google.com/forms/d/e/1FAIpQLSfiwhFeQI0GPRYpTk8K8QDAC94W9_qyUalJUxEG1GoEMa3mnw/viewform?pli=1,3.0,4.0,"software engineering, artificial intelligence, information systems, information technology,management information system,finance,accounting ,marketing,human resources,management,law,business administration ","Accountability, Adaptability, Analytical Thinking, Attention to Detail, Collaboration and Teamwork, Communication, Conflict Resolution, Creative Solutions, Critical Thinking, Customer Orientation, Decision Making, Dependability, Emotional Intelligence, Empathy, Flexibility to Changing Environments, Goal-Oriented Mindset, Influence, Interpersonal Skills, Leadership, Logical Reasoning, Motivational Skills, Negotiation, Networking, Openness to New Ideas, Organization, Patience, Presentation Skills, Problem Solving, Proactive Initiative, Public Speaking, Relationship Building, Resilience, Self-Motivation, Strong Work Ethic, Stress Management, Task Prioritization, Thoroughness, Time Management, Verbal and Written Clarity, Workplace Etiquette, Working Effectively Within Teams",,"Lumi Rental Company is a leading Saudi Arabian mobility services provider that offers vehicle and motorcycle rentals, corporate leasing solutions, and customized transportation services through a network of 35 branches across the Kingdom. Originally established in 2013 as Al Tayyar Rent a Car, the company has grown to become one of the largest fleet operators in Saudi Arabia, leveraging cutting-edge technology and personalized services to serve individual, corporate, and government clients. The company went public in September 2023 and has been recognized as the Leading Car Rental Company in Saudi Arabia & Middle East by the World Travel Awards for three consecutive years (2020-2022)."
,Lumi | لومي,Workshop Technician Coop Intern,Tabuk,lumirental.com,https://www.linkedin.com/jobs/view/workshop-technician-coop-intern-at-lumi-%D9%84%D9%88%D9%85%D9%8A-4068237342,https://docs.google.com/forms/d/e/1FAIpQLSfiwhFeQI0GPRYpTk8K8QDAC94W9_qyUalJUxEG1GoEMa3mnw/viewform,3.0,4.0,"software engineering, artificial intelligence, information systems, information technology,management information system,finance,accounting ,marketing,human resources,management,law,business administration ","Accountability, Adaptability, Analytical Thinking, Attention to Detail, Collaboration and Teamwork, Communication, Conflict Resolution, Creative Solutions, Critical Thinking, Customer Orientation, Decision Making, Dependability, Emotional Intelligence, Empathy, Flexibility to Changing Environments, Goal-Oriented Mindset, Influence, Interpersonal Skills, Leadership, Logical Reasoning, Motivational Skills, Negotiation, Networking, Openness to New Ideas, Organization, Patience, Presentation Skills, Problem Solving, Proactive Initiative, Public Speaking, Relationship Building, Resilience, Self-Motivation, Strong Work Ethic, Stress Management, Task Prioritization, Thoroughness, Time Management, Verbal and Written Clarity, Workplace Etiquette, Working Effectively Within Teams",,"Lumi (formerly Al Tayyar Rent a Car) is a leading Saudi Arabian mobility company founded in 2013 that provides vehicle and motorcycle rental services, corporate leasing solutions, and customized transportation packages. Powered by Seera Group, the company operates through more than 30 airport and city branches across Saudi Arabia, offering a modern fleet of vehicles and digital-first booking solutions. As a publicly traded company with 771 employees, Lumi focuses on reshaping transportation through digital innovation in the land mobility sector."
,Lumi | لومي,Customer Service Coop Intern,"Jeddah, Mecca",lumirental.com,https://www.linkedin.com/jobs/view/customer-service-coop-intern-at-lumi-%D9%84%D9%88%D9%85%D9%8A-4069506761,https://docs.google.com/forms/d/e/1FAIpQLSfiwhFeQI0GPRYpTk8K8QDAC94W9_qyUalJUxEG1GoEMa3mnw/viewform,3.0,4.0,"software engineering, artificial intelligence, information systems, information technology,management information system,finance,accounting ,marketing,human resources,management,law,business administration ","Accountability, Adaptability, Analytical Thinking, Attention to Detail, Collaboration and Teamwork, Communication, Conflict Resolution, Creative Solutions, Critical Thinking, Customer Orientation, Decision Making, Dependability, Emotional Intelligence, Empathy, Flexibility to Changing Environments, Goal-Oriented Mindset, Influence, Interpersonal Skills, Leadership, Logical Reasoning, Motivational Skills, Negotiation, Networking, Openness to New Ideas, Organization, Patience, Presentation Skills, Problem Solving, Proactive Initiative, Public Speaking, Relationship Building, Resilience, Self-Motivation, Strong Work Ethic, Stress Management, Task Prioritization, Thoroughness, Time Management, Verbal and Written Clarity, Workplace Etiquette, Working Effectively Within Teams",,"Lumi is a leading Saudi Arabian mobility company that provides vehicle rental, leasing, and transportation services through a network of over 30 airport and city branches across the Kingdom. Founded in 2013 and powered by Seera Group's expertise, the company offers smart vehicle and motorcycle rental services to individuals, corporate leasing solutions for businesses and government clients, as well as specialized transportation packages for events. Lumi operates with a modern fleet of vehicles and serves its customers through both physical locations and digital channels, demonstrating its commitment to technological innovation in the land mobility sector."
,The Royal Commission for AlUla,Cooperative Training Program,Riyadh,rcu.gov.sa,https://www.linkedin.com/jobs/view/cooperative-training-program-at-the-royal-commission-for-alula-4065669888,,3.0,4.0,"software engineering, artificial intelligence, information systems, information technology,management information system,finance,accounting ,marketing,human resources,management,law,business administration ","Accountability, Adaptability, Analytical Thinking, Attention to Detail, Collaboration and Teamwork, Communication, Conflict Resolution, Creative Solutions, Critical Thinking, Customer Orientation, Decision Making, Dependability, Emotional Intelligence, Empathy, Flexibility to Changing Environments, Goal-Oriented Mindset, Influence, Interpersonal Skills, Leadership, Logical Reasoning, Motivational Skills, Negotiation, Networking, Openness to New Ideas, Organization, Patience, Presentation Skills, Problem Solving, Proactive Initiative, Public Speaking, Relationship Building, Resilience, Self-Motivation, Strong Work Ethic, Stress Management, Task Prioritization, Thoroughness, Time Management, Verbal and Written Clarity, Workplace Etiquette, Working Effectively Within Teams",3-6 months,"The Royal Commission for AlUla (RCU) is a Saudi government organization established in 2017 dedicated to protecting and developing AlUla, a region of outstanding natural and cultural significance in northwest Saudi Arabia. With 1,000-5,000 employees, RCU is embarking on a comprehensive plan to deliver sustainable transformation of the region, focusing on archaeology, heritage preservation, and tourism development while preparing it to welcome visitors from around the world."
,Kreativstorm,Frontend Developer - Intern (Remote Internship - IT),Al Madinah,kreativstorm.de,https://www.linkedin.com/jobs/view/frontend-developer-intern-remote-internship-it-at-kreativstorm-4079519906,https://kreativstorm.zohorecruit.eu/jobs/Careers/69764000116436376/Frontend-Developer---Intern-Remote-Internship---IT?source=LinkedIn-Basic&embedsource=LinkedIn%2BLimited%2BListings,0.0,0.0,frontend development,"html, css, javascript, react, vue.js, ui/ux design",3 months,"Kreativstorm is a dynamic management consulting firm headquartered in Berlin, Germany, operating as part of the Yes Network Group, LLC (established 2015). The company provides comprehensive business solutions including audit & assurance, tax & legal, education, advisory, and AI solutions, while taking a human-centered approach to consulting. With their main office at Friedrichstraße 114a in Berlin, they serve businesses of all sizes across various industries, focusing on delivering innovative solutions that optimize processes and enhance overall performance."
,Doctor,"Solutions Architect Intern 2025- KSA National, AWS",Riyadh,amazon.com,https://www.linkedin.com/jobs/view/solutions-architect-intern-2025-at-doctor-4051586722,https://www.amazon.jobs/en/jobs/2803938/solutions-architect-intern-2025-ksa-national-aws,0.0,0.0," computer science.engineering,mathematics,software engineering, artificial intelligence, information systems, information technology,management information system
","Accountability, Adaptability, Analytical Thinking, Attention to Detail, Collaboration and Teamwork, Communication, Conflict Resolution, Creative Solutions, Critical Thinking, Customer Orientation, Decision Making, Dependability, Emotional Intelligence, Empathy, Flexibility to Changing Environments, Goal-Oriented Mindset, Influence, Interpersonal Skills, Leadership, Logical Reasoning, Motivational Skills, Negotiation, Networking, Openness to New Ideas, Organization, Patience, Presentation Skills, Problem Solving, Proactive Initiative, Public Speaking, Relationship Building, Resilience, Self-Motivation, Strong Work Ethic, Stress Management, Task Prioritization, Thoroughness, Time Management, Verbal and Written Clarity, Workplace Etiquette, Working Effectively Within Teams",,"Amazon.com, Inc. is the world's largest online retailer and multinational technology company, engaged primarily in e-commerce, cloud computing, and online advertising. The company is guided by four core principles including customer obsession and innovation, with a mission to be Earth's most customer-centric company. Amazon offers a vast selection of products and services, from retail goods to cloud computing solutions through AWS, while maintaining a strong focus on technological innovation and operational excellence."
,Saudi Azm عزم السعودية,AZEM Internship Program برنامج عازِم التدريبي,Riyadh,azm.sa,https://www.linkedin.com/jobs/view/azem-internship-program-%D8%A8%D8%B1%D9%86%D8%A7%D9%85%D8%AC-%D8%B9%D8%A7%D8%B2%D9%90%D9%85-%D8%A7%D9%84%D8%AA%D8%AF%D8%B1%D9%8A%D8%A8%D9%8A-at-saudi-azm-%D8%B9%D8%B2%D9%85-%D8%A7%D9%84%D8%B3%D8%B9%D9%88%D8%AF%D9%8A%D8%A9-4073319523,https://azmtalent.recruitee.com/o/project-manger-2-4?source=LinkedIn,0.0,0.0,"
computer science
,business administration
,engineering,accounting, human resources, public relations","Accountability, Adaptability, Analytical Thinking, Attention to Detail, Collaboration and Teamwork, Communication, Conflict Resolution, Creative Solutions, Critical Thinking, Customer Orientation, Decision Making, Dependability, Emotional Intelligence, Empathy, Flexibility to Changing Environments, Goal-Oriented Mindset, Influence, Interpersonal Skills, Leadership, Logical Reasoning, Motivational Skills, Negotiation, Networking, Openness to New Ideas, Organization, Patience, Presentation Skills, Problem Solving, Proactive Initiative, Public Speaking, Relationship Building, Resilience, Self-Motivation, Strong Work Ethic, Stress Management, Task Prioritization, Thoroughness, Time Management, Verbal and Written Clarity, Workplace Etiquette, Working Effectively Within Teams",,"Saudi AZM is a leading information technology company established in 2017 and headquartered in Riyadh, Saudi Arabia. The company specializes in providing comprehensive technology and business solutions, including management consulting, digital solutions, platform development, and system integration services. As a publicly-traded company on the Saudi Exchange, AZM focuses on improving quality of life through innovative technical solutions while striving to be the Kingdom's preferred technology partner and best workplace."
,Elm Company,Coop Training - Legal (Jan/Mar/Jun/Aug 2025 Intake) Job,Riyadh,elm.sa,https://www.linkedin.com/jobs/view/coop-training-legal-jan-mar-jun-aug-2025-intake-job-at-elm-company-4056466821,https://career.elm.sa/elm/job/Riyadh-Coop-Training-Legal-%28JanMarJunAug-2025-Intake%29-Job/1226067900/,2.75,3.5,law,"Accountability, Adaptability, Analytical Thinking, Attention to Detail, Collaboration and Teamwork, Communication, Conflict Resolution, Creative Solutions, Critical Thinking, Customer Orientation, Decision Making, Dependability, Emotional Intelligence, Empathy, Flexibility to Changing Environments, Goal-Oriented Mindset, Influence, Interpersonal Skills, Leadership, Logical Reasoning, Motivational Skills, Negotiation, Networking, Openness to New Ideas, Organization, Patience, Presentation Skills, Problem Solving, Proactive Initiative, Public Speaking, Relationship Building, Resilience, Self-Motivation, Strong Work Ethic, Stress Management, Task Prioritization, Thoroughness, Time Management, Verbal and Written Clarity, Workplace Etiquette, Working Effectively Within Teams",16 weeks,"Elm is a Saudi joint-stock company owned by the Public Investment Fund (PIF) that specializes in providing innovative digital services and comprehensive technical solutions. Founded in 1988 as Al-Elm Research and Development Company, it has evolved to become a leading digital enabler for government entities and the business sector in Saudi Arabia and the wider region. The company offers a diverse portfolio of services including ready-made solutions, customs solutions, outsourcing services, and consulting services, with a notable achievement of launching the Kingdom's first e-government service in 2002."
,Amazon Web Services (AWS),"2025 AWS Commercial Sales Internship- KSA National, AWS",Riyadh,amazon.com,https://www.linkedin.com/jobs/view/2025-aws-commercial-sales-internship-ksa-national-aws-at-amazon-web-services-aws-4055976303,https://www.amazon.jobs/en/jobs/2812484/2025-aws-commercial-sales-internship-ksa-national-aws?cmpid=SPLICX0248M&ss=paid&utm_campaign=cxro&utm_content=job_posting&utm_medium=social_media&utm_source=linkedin.com,0.0,0.0,"business administration,sales management,marketing","Accountability, Adaptability, Analytical Thinking, Attention to Detail, Collaboration and Teamwork, Communication, Conflict Resolution, Creative Solutions, Critical Thinking, Customer Orientation, Decision Making, Dependability, Emotional Intelligence, Empathy, Flexibility to Changing Environments, Goal-Oriented Mindset, Influence, Interpersonal Skills, Leadership, Logical Reasoning, Motivational Skills, Negotiation, Networking, Openness to New Ideas, Organization, Patience, Presentation Skills, Problem Solving, Proactive Initiative, Public Speaking, Relationship Building, Resilience, Self-Motivation, Strong Work Ethic, Stress Management, Task Prioritization, Thoroughness, Time Management, Verbal and Written Clarity, Workplace Etiquette, Working Effectively Within Teams",6 months,"Amazon.com, Inc. is the world's largest online retailer and multinational technology company, engaged primarily in e-commerce, cloud computing, and online advertising. Founded with a customer-centric approach, the company is guided by four core principles: customer obsession, passion for invention, commitment to operational excellence, and long-term thinking. Amazon has evolved from an online bookstore to a global technology leader offering a vast array of products and services, including Amazon Web Services (AWS), while maintaining its mission to be Earth's most customer-centric company, best employer, and safest workplace."
,Amazon,2025 Paralegal Intern,Riyadh,amazon.co.uk,https://www.linkedin.com/jobs/view/2025-paralegal-intern-at-amazon-4045057177,https://www.amazon.jobs/en/jobs/2797138/2025-paralegal-intern?cmpid=SPLICX0248M&ss=paid&utm_campaign=cxro&utm_content=job_posting&utm_medium=social_media&utm_source=linkedin.com,0.0,0.0,"law,political science
","Accountability, Adaptability, Analytical Thinking, Attention to Detail, Collaboration and Teamwork, Communication, Conflict Resolution, Creative Solutions, Critical Thinking, Customer Orientation, Decision Making, Dependability, Emotional Intelligence, Empathy, Flexibility to Changing Environments, Goal-Oriented Mindset, Influence, Interpersonal Skills, Leadership, Logical Reasoning, Motivational Skills, Negotiation, Networking, Openness to New Ideas, Organization, Patience, Presentation Skills, Problem Solving, Proactive Initiative, Public Speaking, Relationship Building, Resilience, Self-Motivation, Strong Work Ethic, Stress Management, Task Prioritization, Thoroughness, Time Management, Verbal and Written Clarity, Workplace Etiquette, Working Effectively Within Teams",6 months,"Amazon.co.uk is the British division of Amazon, operating as a multinational technology and e-commerce company that offers a comprehensive online shopping platform. The company provides a wide range of products and services, including electronics, books, fashion apparel, digital streaming, and cloud computing solutions, while maintaining a strong focus on customer service and innovation. Operating through multiple business segments, Amazon.co.uk serves both consumer and business customers across the United Kingdom, offering various support services and fulfillment operations."
,Kreativstorm,Python Developer - Intern (Remote Internship - IT),Al Madinah,kreativstorm.de,https://www.linkedin.com/jobs/view/python-developer-intern-remote-internship-it-at-kreativstorm-4079339174,https://kreativstorm.zohorecruit.eu/jobs/Careers/69764000116401324/Python-Developer---Intern-Remote-Internship---IT?source=LinkedIn-Basic&embedsource=LinkedIn%2BLimited%2BListings,0.0,0.0,"computer science,information technology,software engineering ","Accountability, Adaptability, Analytical Thinking, Attention to Detail, Collaboration and Teamwork, Communication, Conflict Resolution, Creative Solutions, Critical Thinking, Customer Orientation, Decision Making, Dependability, Emotional Intelligence, Empathy, Flexibility to Changing Environments, Goal-Oriented Mindset, Influence, Interpersonal Skills, Leadership, Logical Reasoning, Motivational Skills, Negotiation, Networking, Openness to New Ideas, Organization, Patience, Presentation Skills, Problem Solving, Proactive Initiative, Public Speaking, Relationship Building, Resilience, Self-Motivation, Strong Work Ethic, Stress Management, Task Prioritization, Thoroughness, Time Management, Verbal and Written Clarity, Workplace Etiquette, Working Effectively Within Teams",,"Kreativstorm is a dynamic management consulting firm headquartered in Berlin, Germany, operating as part of the Yes Network Group, LLC (established 2015). The company specializes in providing comprehensive business solutions including audit & assurance, tax & legal, education, advisory, and AI solutions, serving clients across various industries with a team of 11-50 employees. Their service portfolio is strengthened through partnerships with major organizations like HSBC and Lufthansa, while maintaining a focus on delivering innovative and tailored solutions for businesses of all sizes."
,Doctor,2025 Financial Analyst Intern,Riyadh,amazon.com,https://www.linkedin.com/jobs/view/2025-financial-analyst-intern-at-doctor-4045202367,https://www.amazon.jobs/en/jobs/2797147/2025-financial-analyst-intern,0.0,0.0,"finance, business, accounting,economics
","forecasting, data visualization, sql, data mining",3-6 months,"Amazon.com, Inc. is a multinational technology company headquartered in Seattle, Washington, that operates as the world's largest online retailer and technology provider. The company's core business spans e-commerce, cloud computing, digital streaming, and artificial intelligence, while being guided by four key principles: customer obsession, passion for invention, operational excellence, and long-term thinking. Amazon's mission is to be Earth's most customer-centric company, offering a vast selection of products and services through its online marketplace, while also providing cloud computing services through Amazon Web Services (AWS), entertainment through Prime Video, and various consumer devices."
,Mushar Consulting,CO-OP Training Opportunities  January 2025,Riyadh,mushar.sa,https://www.linkedin.com/jobs/view/co-op-training-opportunities-%E2%80%93-january-2025-at-mushar-consulting-4076829938,,2.75,3.25," industrial engineering, civil engineering, computer science,information technology,software engineering ",innovation management,16 weeks,"Mushar Consulting (mushar.sa): A Saudi-based management consulting firm founded in 2016 that provides business development and strategic solutions with a focus on management consulting, education, HR, and IT services. The company operates as a strategic partner for organizations, delivering tailored solutions for growth while maintaining both local expertise and global vision.

Mushar Legal (mushaar.sa): A comprehensive legal services firm with offices across Saudi Arabia, UAE, and UK, serving as a key professional partner for government agencies, companies, and individuals. The firm has handled over 3,500 judicial hearings and 7,500 legal consultations, specializing in corporate, commercial, and regulatory services."
,Visa,"COOP Trainee (For current students - second semester COOP, starting in January 2025)",Riyadh,visa.com,https://www.linkedin.com/jobs/view/coop-trainee-for-current-students-second-semester-coop-starting-in-january-2025-at-visa-4077432553,,0.0,0.0,business,client relationship management,,"Visa Inc. is a San Francisco-based multinational corporation and world leader in digital payment technology. The company facilitates electronic funds transfers and payment transactions between consumers, merchants, financial institutions, and government entities across the globe through its trusted payment network. Visa's strategy centers on accelerating growth in consumer payments, new payment flows, and value-added services while working to remove barriers and connect more people to the global economy."
,HSBC,COOP Internship Program - Investment Banking,Riyadh,hsbc.com,https://www.linkedin.com/jobs/view/coop-internship-program-investment-banking-at-hsbc-4059925956,,2.0,3.0,"finance,economics,business administration,accounting
","financial modeling, client relationship management, data visualization",,"HSBC (The Hongkong and Shanghai Banking Corporation) is one of the world's largest banking and financial services organizations, founded in 1865 and headquartered in London. The company serves approximately 41 million customers globally through three main business divisions: Wealth and Personal Banking, Commercial Banking, and Global Banking and Markets. With its extensive international network and listings on major stock exchanges including London, Hong Kong, New York, and Bermuda, HSBC maintains its position as a leading global financial institution focused on connecting markets and facilitating international business."
,Doctor,2025 Paralegal Intern,Riyadh,amazon.com,https://www.linkedin.com/jobs/view/2025-paralegal-intern-at-doctor-4045099616,https://www.amazon.jobs/en/jobs/2797138/2025-paralegal-intern,0.0,0.0,law,"Accountability, Adaptability, Analytical Thinking, Attention to Detail, Collaboration and Teamwork, Communication, Conflict Resolution, Creative Solutions, Critical Thinking, Customer Orientation, Decision Making, Dependability, Emotional Intelligence, Empathy, Flexibility to Changing Environments, Goal-Oriented Mindset, Influence, Interpersonal Skills, Leadership, Logical Reasoning, Motivational Skills, Negotiation, Networking, Openness to New Ideas, Organization, Patience, Presentation Skills, Problem Solving, Proactive Initiative, Public Speaking, Relationship Building, Resilience, Self-Motivation, Strong Work Ethic, Stress Management, Task Prioritization, Thoroughness, Time Management, Verbal and Written Clarity, Workplace Etiquette, Working Effectively Within Teams",3-6 months,"Amazon.com, Inc. is a multinational technology company that began as an online bookstore and evolved into the world's largest e-commerce retailer, offering everything from books to electronics while expanding into cloud computing, digital streaming, and artificial intelligence. Guided by principles of customer obsession and innovation, Amazon operates as a customer-centric organization that combines retail operations with cutting-edge technology services through platforms like Amazon Web Services (AWS). The company, headquartered in Seattle, has grown into one of the world's most valuable brands, known for its commitment to operational excellence and long-term thinking while serving millions of customers globally."
,KPMG Saudi Arabia,"Tax COOP (Riyadh, Jeddah, Khobar)",Riyadh,kpmg.com.sa,https://www.linkedin.com/jobs/view/tax-coop-riyadh-jeddah-khobar-at-kpmg-saudi-arabia-4063116740,https://slccareers.kpmg.com/job/Riyadh-Tax-COOP-%28Riyadh%2C-Jeddah%2C-Khobar%29/855808323/,3.0,4.0,"accounting, law, economics","Accountability, Adaptability, Analytical Thinking, Attention to Detail, Collaboration and Teamwork, Communication, Conflict Resolution, Creative Solutions, Critical Thinking, Customer Orientation, Decision Making, Dependability, Emotional Intelligence, Empathy, Flexibility to Changing Environments, Goal-Oriented Mindset, Influence, Interpersonal Skills, Leadership, Logical Reasoning, Motivational Skills, Negotiation, Networking, Openness to New Ideas, Organization, Patience, Presentation Skills, Problem Solving, Proactive Initiative, Public Speaking, Relationship Building, Resilience, Self-Motivation, Strong Work Ethic, Stress Management, Task Prioritization, Thoroughness, Time Management, Verbal and Written Clarity, Workplace Etiquette, Working Effectively Within Teams",6 months,"KPMG Saudi Arabia, established in 1992 through its member firm KPMG Professional Services, has grown to become one of the largest professional service providers in the Kingdom with a workforce of 2,500 across offices in Riyadh, Jeddah, and Khobar. The firm provides Audit, Tax, and Advisory services, leveraging its blend of international expertise and local knowledge as part of KPMG's global network spanning 154 countries."
,Doctor,2025 Retail Vendor Manager Intern,Riyadh,amazon.com,https://www.linkedin.com/jobs/view/2025-retail-vendor-manager-intern-at-doctor-4045099618,https://www.amazon.jobs/en/jobs/2797152/2025-retail-vendor-manager-intern,0.0,0.0,"business administration,management",vendor management,3-6 months,"Amazon.com, Inc. is a multinational technology company that stands as the world's largest online retailer, offering a vast array of products from apparel to industrial items, while also being a leading provider of cloud computing services and online advertising solutions. The company operates under four key principles: customer obsession, passion for invention, commitment to operational excellence, and long-term thinking, while striving to be Earth's most customer-centric company and best employer. Through its various divisions, including Amazon Web Services (AWS), Amazon has transformed from an online bookstore into a global technology powerhouse that shapes e-commerce, digital services, and workplace standards."
,Amazon,2025 Marketing Intern,Riyadh,amazon.co.uk,https://www.linkedin.com/jobs/view/2025-marketing-intern-at-amazon-4045056179,https://www.amazon.jobs/en/jobs/2797146/2025-marketing-intern?cmpid=SPLICX0248M&ss=paid&utm_campaign=cxro&utm_content=job_posting&utm_medium=social_media&utm_source=linkedin.com,0.0,0.0,"business administration,marketing,communications


These majors should be considered indicative rather than definitive for the specific position requested.","Accountability, Adaptability, Analytical Thinking, Attention to Detail, Collaboration and Teamwork, Communication, Conflict Resolution, Creative Solutions, Critical Thinking, Customer Orientation, Decision Making, Dependability, Emotional Intelligence, Empathy, Flexibility to Changing Environments, Goal-Oriented Mindset, Influence, Interpersonal Skills, Leadership, Logical Reasoning, Motivational Skills, Negotiation, Networking, Openness to New Ideas, Organization, Patience, Presentation Skills, Problem Solving, Proactive Initiative, Public Speaking, Relationship Building, Resilience, Self-Motivation, Strong Work Ethic, Stress Management, Task Prioritization, Thoroughness, Time Management, Verbal and Written Clarity, Workplace Etiquette, Working Effectively Within Teams",3-6 months,"Amazon.co.uk is the British division of Amazon, operating as a multinational technology and e-commerce company that provides comprehensive online retail services and digital solutions. The company offers a vast selection of products including electronics, books, fashion, and digital services, while also providing cloud computing, online advertising, and artificial intelligence solutions through various business segments. Operating primarily through Amazon UK Services Ltd., the company serves both consumer and business customers across the United Kingdom with a continuous focus on customer service excellence and technological innovation."
,KPMG Saudi Arabia,Audit COOP,Riyadh,kpmg.com.sa,https://www.linkedin.com/jobs/view/audit-coop-at-kpmg-saudi-arabia-4038912528,https://slccareers.kpmg.com/job/Riyadh-Audit-COOP/855722323/,3.0,4.0,auditing,"Accountability, Adaptability, Analytical Thinking, Attention to Detail, Collaboration and Teamwork, Communication, Conflict Resolution, Creative Solutions, Critical Thinking, Customer Orientation, Decision Making, Dependability, Emotional Intelligence, Empathy, Flexibility to Changing Environments, Goal-Oriented Mindset, Influence, Interpersonal Skills, Leadership, Logical Reasoning, Motivational Skills, Negotiation, Networking, Openness to New Ideas, Organization, Patience, Presentation Skills, Problem Solving, Proactive Initiative, Public Speaking, Relationship Building, Resilience, Self-Motivation, Strong Work Ethic, Stress Management, Task Prioritization, Thoroughness, Time Management, Verbal and Written Clarity, Workplace Etiquette, Working Effectively Within Teams",6 months,"KPMG Saudi Arabia, established in 1992 through its member firm KPMG Professional Services, has grown to become one of the largest professional service providers in the Kingdom with a workforce of 2,500 across offices in Riyadh, Jeddah, and Khobar. The firm provides Audit, Tax, and Advisory services, leveraging its blend of international expertise and local knowledge as part of KPMG's global network spanning 154 countries."
,Ejari | ايجاري,Marketing Intern,Riyadh,ejari.sa,https://www.linkedin.com/jobs/view/marketing-intern-at-ejari-%D8%A7%D9%8A%D8%AC%D8%A7%D8%B1%D9%8A-4077892823,,0.0,0.0," marketing, business administration","Accountability, Adaptability, Analytical Thinking, Attention to Detail, Collaboration and Teamwork, Communication, Conflict Resolution, Creative Solutions, Critical Thinking, Customer Orientation, Decision Making, Dependability, Emotional Intelligence, Empathy, Flexibility to Changing Environments, Goal-Oriented Mindset, Influence, Interpersonal Skills, Leadership, Logical Reasoning, Motivational Skills, Negotiation, Networking, Openness to New Ideas, Organization, Patience, Presentation Skills, Problem Solving, Proactive Initiative, Public Speaking, Relationship Building, Resilience, Self-Motivation, Strong Work Ethic, Stress Management, Task Prioritization, Thoroughness, Time Management, Verbal and Written Clarity, Workplace Etiquette, Working Effectively Within Teams",,"Ejari is a Saudi Arabian real estate technology company founded in 2022 that provides a ""Rent Now, Pay Later"" service for residential properties. The company solves a critical market need by allowing tenants to pay rent monthly while ensuring landlords receive their full yearly rent upfront, addressing the common requirement in Saudi Arabia for 6-12 months advance payment. Based in Riyadh with 11-50 employees, Ejari has secured significant funding of $14.65M to democratize access to rental housing through their innovative fintech solution."
,KPMG Saudi Arabia,"Central Services & Markets COOP (Riyadh, Jeddah & Khobar)",Riyadh,kpmg.com.sa,https://www.linkedin.com/jobs/view/central-services-markets-coop-riyadh-jeddah-khobar-at-kpmg-saudi-arabia-4079328249,https://slccareers.kpmg.com/job/Riyadh-Central-Services-&-Markets-COOP-%28Riyadh%2C-Jeddah-&-Khobar%29/855851523/,3.0,4.0,"project management,business administration,human resources","Accountability, Adaptability, Analytical Thinking, Attention to Detail, Collaboration and Teamwork, Communication, Conflict Resolution, Creative Solutions, Critical Thinking, Customer Orientation, Decision Making, Dependability, Emotional Intelligence, Empathy, Flexibility to Changing Environments, Goal-Oriented Mindset, Influence, Interpersonal Skills, Leadership, Logical Reasoning, Motivational Skills, Negotiation, Networking, Openness to New Ideas, Organization, Patience, Presentation Skills, Problem Solving, Proactive Initiative, Public Speaking, Relationship Building, Resilience, Self-Motivation, Strong Work Ethic, Stress Management, Task Prioritization, Thoroughness, Time Management, Verbal and Written Clarity, Workplace Etiquette, Working Effectively Within Teams",6 months,"KPMG Saudi Arabia, established in 1992 through its member firm KPMG Professional Services, has grown to become one of the largest professional service providers in the Kingdom with a workforce of 2,500 across offices in Riyadh, Jeddah, and Khobar. The firm provides Audit, Tax, and Advisory services, leveraging its blend of international expertise and local knowledge as part of KPMG's global network spanning 154 countries."
,Salla E-Commerce Platform,برنامج التدريب التعاوني - Internship Program,Mecca,salla.com,https://www.linkedin.com/jobs/view/%D8%A8%D8%B1%D9%86%D8%A7%D9%85%D8%AC-%D8%A7%D9%84%D8%AA%D8%AF%D8%B1%D9%8A%D8%A8-%D8%A7%D9%84%D8%AA%D8%B9%D8%A7%D9%88%D9%86%D9%8A-internship-program-at-salla-e-commerce-platform-3942648458,,0.0,0.0,"The eligible majors for the internship program are:
- software engineering
- computer sciences
- management information system",data analysis,,"Salla is a Saudi-based e-commerce platform founded in 2016 that provides integrated digital solutions for creating and managing online stores, with particular focus on Arabic-language support [1][2]. The company offers comprehensive tools including inventory management, marketing solutions, and analytics to help businesses establish their digital presence [3][4]. Based in Makkah with over 300 employees, Salla has secured significant funding including a $130M pre-IPO investment, establishing itself as a leading e-commerce enablement platform in the Middle East [5][6]."
,Zid | زد,UX Design Intern,Riyadh,zid.com.ua,https://www.linkedin.com/jobs/view/ux-design-intern-at-zid-%D8%B2%D8%AF-4075561995,,0.0,0.0,"graphic design, ux/ui design","prototyping, figma, sketch, adobe xd",,"At Zid, we are dedicated to empowering e-commerce businesses with the tools, resources, and support they need to thrive in the digital marketplace. Join us in shaping the future of online retail in Saudi Arabia and the MENA region by contributing to a vibrant, innovative, and user-centric ecosystem."
,AZEM عازِم,AZEM Internship Program,Riyadh,,https://www.linkedin.com/jobs/view/azem-internship-program-at-azem-%D8%B9%D8%A7%D8%B2%D9%90%D9%85-4074719242,https://azmtalent.recruitee.com/o/project-manger-2-4,0.0,0.0,"
computer science
,business administration
,engineering,accounting, human resources, public relations","Accountability, Adaptability, Analytical Thinking, Attention to Detail, Collaboration and Teamwork, Communication, Conflict Resolution, Creative Solutions, Critical Thinking, Customer Orientation, Decision Making, Dependability, Emotional Intelligence, Empathy, Flexibility to Changing Environments, Goal-Oriented Mindset, Influence, Interpersonal Skills, Leadership, Logical Reasoning, Motivational Skills, Negotiation, Networking, Openness to New Ideas, Organization, Patience, Presentation Skills, Problem Solving, Proactive Initiative, Public Speaking, Relationship Building, Resilience, Self-Motivation, Strong Work Ethic, Stress Management, Task Prioritization, Thoroughness, Time Management, Verbal and Written Clarity, Workplace Etiquette, Working Effectively Within Teams",,"AZEM Program, an elite initiative by Saudi AZM Company, is designed to foster the next generation of leaders and innovators in the business and technology sectors. This highly selective program is tailored for individuals who demonstrate exceptional talent, drive, and a commitment to excellence"